Артем,Ковалев,25
Алина,Иванова,32
Илья,Смирнов,28
Екатерина,Карпова,19
Денис,Петров,27
Мария,Соколова,24
Александр,Михайлов,22
Ольга,Николаева,31
Сергей,Кузнецов,29
Анастасия,Сидорова,26
Артур,Белов,23
Наталья,Григорьева,20
Игорь,Андреев,30
Елена,Морозова,33
Владислав,Поляков,21
Анна,Федорова,18
Дмитрий,Козлов,25
Кристина,Васильева,27
Владимир,Горбунов,29
Юлия,Сергеева,24
Иван,Савельев,31
Алиса,Комарова,22
Роман,Тихонов,28
Марина,Лазарева,30
Андрей,Буров,19
Ксения,Гаврилова,33
Григорий,Константинов,25
Милана,Соловьева,26
Степан,Соколов,18
Евгения,Фомина,28
Игнат,Беляев,24
Татьяна,Дмитриева,23
Руслан,Исаев,29
Софья,Крылова,20
Артемий,Ефимов,22
Лидия,Алексеева,32
Вадим,Гришин,26
Анастасия,Кравцова,27
Вячеслав,Максимов,23
Светлана,Коновалова,31
Алексей,Смирнов,30
Арина,Жукова,19
Михаил,Попов,24
Вероника,Макарова,28
Илья,Куликов,33
Елена,Козырева,21
Дмитрий,Харитонов,25
Оксана,Журавлева,26
Артем,Макаров,29
Ольга,Трофимова,23
Виктор,Бобров,30
Маргарита,Савина,18
Игорь,Миронов,27
Анастасия,Рыбакова,31
Денис,Савельев,22
Надежда,Головина,25
Роман,Богданов,24
Евгений,Николаев,33
Александра,Попова,19
Константин,Карасев,28
София,Гусева,21
Руслан,Прокофьев,24
Анастасия,Дорофеева,29
Алексей,Константинов,22
Мария,Воробьева,26
Владислава,Миронова,22
Егор,Крылов,29
Ирина,Мельникова,23
Александра,Калинина,28
Валерия,Герасимова,21
Дмитрий,Марков,30
Матвей,Филиппов,24
Анастасия,Беляева,27
Елена,Степанова,25
Владислав,Королев,26
Алина,Фролова,24
Максим,Титов,27
Анна,Антонова,23
Леонид,Крымов,29
Ольга,Борисова,31
Иван,Макеев,30
Лина,Денисова,18
Денис,Селезнев,32
Андрей,Сорокин,22
Юлия,Симонова,20
Виктория,Логинова,26
Игорь,Горбачев,28
Екатерина,Крымова,33
Андрей,Коновалов,25
Артем,Федотов,23
Надежда,Ермакова,21
Сергей,Кудряшов,30
Александра,Белоусова,27
Даниил,Мельников,24
Наталья,Александрова,29
Андрей,Гущин,32
Любовь,Киселева,18
Михаил,Матвеев,22
Анастасия,Филиппова,26
Денис,Евдокимов,28
Алексей,Блинов,31
Елизавета,Исакова,23
Артур,Михайлов,20
Юлия,Медведева,24
Роман,Хохлов,25
Лександра,Савченко,29
Сергей,Кондратьев,27
Антон,Богомолов,22
Евгений,Марков,30
Мария,Герасимова,31
лександра,Дьячкова,18
Виталий,Андреев,33
Анастасия,Козлова,26
Игорь,Куликов,23
Елена,КалиКирилл,Панов,24
Арина,Ширяева,28
Алексей,Гордеев,29
Марина,Захарова,25
Александра,Кузьмина,30
Владислав,Григорьев,23
Юлия,Морозова,27
Дмитрий,Тарасов,32
Анастасия,Миронова,22
Алексей,Корнеев,25
Екатерина,Кузьмина,19
Игорь,Константинов,28
Александра,Пахомова,31
Даниил,Николаев,24
Марина,Савельева,21
Денис,Павлов,30
Анна,Голубева,28
Сергей,Яковлев,27
Евгения,Борисова,26
Артем,Герасимов,23
Кристина,Новикова,19